company,Use Case Name,Business Function,AI Type,Outcome,Source Link
Amazon,Demand Forecasting with DeepAR,Supply Chain,Time Series (DL),"Reduced inventory waste, improved stock accuracy across warehouses",https://aws.amazon.com/blogs/aws/forecasting-amazon-coms-demand-with-deep-learning/
Netflix,Content Recommendation Engine,Marketing/UX,Recommendation,75% of viewing driven by personalized recommendations,https://netflixtechblog.com/
Google,Smart Reply in Gmail,Customer Communication,NLP,Increased user productivity by ~10% through one-click email replies,https://ai.googleblog.com/2017/05/announcing-smart-reply-in-gmail.html
BMW,Visual Inspection for Car Defects,Manufacturing/Quality,Computer Vision,"Reduced error detection time by 50%, increased consistency",https://www.microsoft.com/en-us/ai/ai-lab-bmw-quality-inspection
Zara,AI-Driven Trend Prediction,Fashion/Design,Predictive Modeling,Faster collection development aligned with customer preferences,https://www.inditex.com/documents/10279/645708/Inditex_AR_2019_EN.pdf
Spotify,AI Playlist Personalization,Marketing/Product,Recommendation,Increased user retention and engagement by tailoring playlists,https://engineering.atspotify.com/
Tesla,Full Self-Driving (FSD) Beta,Operations/Logistics,Deep Learning (CV),"Real-time road analysis, dynamic routing, improved safety",https://www.tesla.com/AI
Unilever,Talent Recruitment Chatbot,HR,Conversational AI,"Reduced screening time by 75%, improved candidate satisfaction",https://www.unilever.com/news/news-search/2018/hirevue-ai-powered-interviewing/
IBM,Watson for Oncology,Healthcare/R&D,NLP + ML,Provided personalized treatment recommendations in hospitals,https://www.ibm.com/watson-health
Airbnb,Dynamic Pricing Optimization,Revenue Management,Predictive Modeling,Increased revenue per night based on real-time demand forecasts,https://medium.com/airbnb-engineering/pricing-at-airbnb-6e2e8d290d6e
Nike,Personalized Shopping Recommendations,E-commerce,Machine Learning,Boosted conversion rates through tailored product suggestions,https://www.nike.com
Meta,Hate Speech Detection,Content Moderation,NLP,"Removed harmful content automatically, improving user safety",https://ai.facebook.com
Uber,ETA Prediction with ML,Logistics,Time Series + Regression,Improved rider and driver satisfaction via more accurate ETAs,https://eng.uber.com/eta-ml/
Adobe,AI-powered Photo Editing (Sensei),Creative Tools,Computer Vision,Enabled automated photo tagging and background removal,https://blog.adobe.com/en/publish/2021/10/26/what-is-adobe-sensei
Alibaba,Smart Logistics with AI,Supply Chain,Optimization + ML,Shortened delivery times during Singles Day by 30%,https://damo.alibaba.com/labs/intelligent-logistics
Salesforce,Einstein AI for CRM,Sales & Marketing,Predictive Analytics,Improved lead scoring and customer retention,https://www.salesforce.com/products/einstein/overview/
Siemens,Predictive Maintenance in Factories,Manufacturing,IoT + ML,Prevented equipment downtime and improved efficiency,https://new.siemens.com/global/en/company/topic-areas/digital-enterprise/predictive-maintenance.html
TikTok,Content Recommendation Algorithm,Engagement/UX,Recommendation,Massive user retention through short-form content personalization,https://www.tiktok.com/business/en/blog/how-tiktok-recommends-videos
Intel,AI Chip Design Automation,Engineering/R&D,Deep Reinforcement Learning,Reduced chip design time and resource cost,https://www.intel.com/content/www/us/en/research/blog/using-ai-for-chip-design.html
Walmart,In-store Customer Heat Mapping,Retail Analytics,Computer Vision,Optimized product placement by analyzing foot traffic,https://www.cbinsights.com/company/walmart/technology
Samsung,AI-enhanced Camera Scene Detection,Consumer Electronics,Computer Vision,Improved mobile photography with smart auto-tuning,https://news.samsung.com/global/what-is-scene-optimizer-the-intelligent-camera-feature-of-the-galaxy-s10
Microsoft,Translator for Teams,Communication Tools,NLP + Speech Recognition,Enabled real-time multilingual collaboration in meetings,https://www.microsoft.com/en-us/translator/business/teams/
L’Oréal,AI Skin Diagnostic Tool,Customer Experience,Computer Vision,Enabled personalized skincare advice online,https://www.loreal.com/en/articles/technology/ai-skin-diagnosis/
Baidu,Autonomous Taxi Platform,Mobility,Computer Vision + RL,Launched self-driving taxis in China,https://apollo.auto/
Nestlé,AI in Product R&D,Food & Beverage,ML + Simulation,Accelerated new product formulation using ingredient simulations,https://www.nestle.com/research/technology/ai
Telstra,AskTelstra generative AI assistant,Customer Support,Conversational AI,Streamlined customer interactions and reduced support time,https://www.theaustralian.com.au/business/technology/how-aussie-companies-are-using-microsofts-ai-tools-to-transform-operations/news-story
Bunnings,Ask Lionel in-store assistant,Retail,Conversational AI,Real-time product info for staff and customers,https://www.theaustralian.com.au/business/technology/how-aussie-companies-are-using-microsofts-ai-tools-to-transform-operations/news-story
National Australia Bank,Generative AI for banking tasks,Financial Services,Generative AI,Freed banker time for customers,https://www.theaustralian.com.au/business/technology/how-aussie-companies-are-using-microsofts-ai-tools-to-transform-operations/news-story
Macquarie Group,Macquarie AI Chat internal assistant,Operations,Conversational AI,Used by 6000 staff weekly to boost productivity,https://www.theaustralian.com.au/business/technology/how-aussie-companies-are-using-microsofts-ai-tools-to-transform-operations/news-story
ANZ,GitHub Copilot for code generation,Software Development,Code Generation,Engineers work up to 2× faster,https://www.theaustralian.com.au/business/technology/how-aussie-companies-are-using-microsofts-ai-tools-to-transform-operations/news-story
KPMG Australia,KymChat internal AI agent,Operations,Conversational AI,"Saved 200,000+ staff hours annually",https://www.theaustralian.com.au/business/technology/how-aussie-companies-are-using-microsofts-ai-tools-to-transform-operations/news-story
Tyro Payments,AI agent for healthcare customer support,Customer Support,Conversational AI,45% of queries resolved without human agent,https://www.theaustralian.com.au/business/technology/how-aussie-companies-are-using-microsofts-ai-tools-to-transform-operations/news-story
Coles,Supply chain AI optimization,Supply Chain,Machine Learning,Enhanced decision-making in merchandise planning,https://www.theaustralian.com.au/business/technology/how-aussie-companies-are-using-microsofts-ai-tools-to-transform-operations/news-story
Rio Tinto,AI-driven operations in mining,Operations,Machine Learning,Improved efficiency and sustainability,https://www.theaustralian.com.au/business/technology/how-aussie-companies-are-using-microsofts-ai-tools-to-transform-operations/news-story
BHP,AI in predictive maintenance & resource discovery,Operations,Machine Learning,Reduced downtime and improved energy efficiency,https://www.theaustralian.com.au/business/technology/how-aussie-companies-are-using-microsofts-ai-tools-to-transform-operations/news-story
Westpac,Generative AI for banking productivity,Financial Services,Generative AI,Delivered faster results to customers,https://www.theaustralian.com.au/business/technology/how-aussie-companies-are-using-microsofts-ai-tools-to-transform-operations/news-story
PepsiCo,"AI in forecasting, logistics & R&D",Supply Chain,Machine Learning,Enhanced efficiency across operations,https://www.wsj.com/articles/ai-productivity-businesses-efficiency-7c2cf8b9
TAL,Microsoft Copilot for document summarization,Operations,Generative AI,Saved up to 6 hours per employee per week,https://www.theaustralian.com.au/business/technology/how-aussie-companies-are-using-microsofts-ai-tools-to-transform-operations/news-story
Commonwealth Bank,AI chatbot & fraud detection,Customer Support,Machine Learning,"Handled 50,000 inquiries/day and reduced fraud cases",https://www.theaustralian.com.au/business/technology/how-aussie-companies-are-using-microsofts-ai-tools-to-transform-operations/news-story
Abercrombie & Fitch,Global Data Cloud analytics,Retail,Data Analytics,Improved product assortment using customer insights,https://blogs.microsoft.com/blog/2025/04/22/how-real-world-businesses-are-transforming-with-ai/
H&R Block,Generative tax assistant,Customer Support,Generative AI,Provided real-time tax filing answers to users,https://blogs.microsoft.com/blog/2025/04/22/how-real-world-businesses-are-transforming-with-ai/
Heritage Grocers,Personalized offers via Generative AI,Marketing/UX,Generative AI,"Optimized assortment by location, saved $500K",https://blogs.microsoft.com/blog/2025/04/22/how-real-world-businesses-are-transforming-with-ai/
Walmart,AI-powered personalized search,Retail,Generative AI,Improved customer satisfaction and product discovery,https://blogs.microsoft.com/blog/2025/04/22/how-real-world-businesses-are-transforming-with-ai/
City of Rome,Virtual AI tour guide,Public Services,Conversational AI,Provided tailored itineraries to tourists,https://blogs.microsoft.com/blog/2025/04/22/how-real-world-businesses-are-transforming-with-ai/
Ally Financial,AI-generated call summaries,Customer Support,Generative AI,Improved CSR productivity by 14%,https://blogs.microsoft.com/blog/2025/04/22/how-real-world-businesses-are-transforming-with-ai/
Telstra,AskTelstra generative AI assistant,Customer Support,Conversational AI,Streamlined customer interactions and reduced support time,https://www.theaustralian.com.au/business/technology/how-aussie-companies-are-using-microsofts-ai-tools-to-transform-operations/news-story
Bunnings,Ask Lionel in-store assistant,Retail,Conversational AI,Real-time product info for staff and customers,https://www.theaustralian.com.au/business/technology/how-aussie-companies-are-using-microsofts-ai-tools-to-transform-operations/news-story
National Australia Bank,Generative AI for banking tasks,Financial Services,Generative AI,Freed banker time for customers,https://www.theaustralian.com.au/business/technology/how-aussie-companies-are-using-microsofts-ai-tools-to-transform-operations/news-story
Macquarie Group,Macquarie AI Chat internal assistant,Operations,Conversational AI,Used by 6000 staff weekly to boost productivity,https://www.theaustralian.com.au/business/technology/how-aussie-companies-are-using-microsofts-ai-tools-to-transform-operations/news-story
ANZ,GitHub Copilot for code generation,Software Development,Code Generation,Engineers work up to 2× faster,https://www.theaustralian.com.au/business/technology/how-aussie-companies-are-using-microsofts-ai-tools-to-transform-operations/news-story
KPMG Australia,KymChat internal AI agent,Operations,Conversational AI,"Saved 200,000+ staff hours annually",https://www.theaustralian.com.au/business/technology/how-aussie-companies-are-using-microsofts-ai-tools-to-transform-operations/news-story
Tyro Payments,AI agent for healthcare customer support,Customer Support,Conversational AI,45% of queries resolved without human agent,https://www.theaustralian.com.au/business/technology/how-aussie-companies-are-using-microsofts-ai-tools-to-transform-operations/news-story
Coles,Supply chain AI optimization,Supply Chain,Machine Learning,Enhanced decision-making in merchandise planning,https://www.theaustralian.com.au/business/technology/how-aussie-companies-are-using-microsofts-ai-tools-to-transform-operations/news-story
Rio Tinto,AI-driven operations in mining,Operations,Machine Learning,Improved efficiency and sustainability,https://www.theaustralian.com.au/business/technology/how-aussie-companies-are-using-microsofts-ai-tools-to-transform-operations/news-story
BHP,AI in predictive maintenance & resource discovery,Operations,Machine Learning,Reduced downtime and improved energy efficiency,https://www.theaustralian.com.au/business/technology/how-aussie-companies-are-using-microsofts-ai-tools-to-transform-operations/news-story
Westpac,Generative AI for banking productivity,Financial Services,Generative AI,Delivered faster results to customers,https://www.theaustralian.com.au/business/technology/how-aussie-companies-are-using-microsofts-ai-tools-to-transform-operations/news-story
PepsiCo,"AI in forecasting, logistics & R&D",Supply Chain,Machine Learning,Enhanced efficiency across operations,https://www.wsj.com/articles/ai-productivity-businesses-efficiency-7c2cf8b9
TAL,Microsoft Copilot for document summarization,Operations,Generative AI,Saved up to 6 hours per employee per week,https://www.theaustralian.com.au/business/technology/how-aussie-companies-are-using-microsofts-ai-tools-to-transform-operations/news-story
Commonwealth Bank,AI chatbot & fraud detection,Customer Support,Machine Learning,"Handled 50,000 inquiries/day and reduced fraud cases",https://www.theaustralian.com.au/business/technology/how-aussie-companies-are-using-microsofts-ai-tools-to-transform-operations/news-story
Abercrombie & Fitch,Global Data Cloud analytics,Retail,Data Analytics,Improved product assortment using customer insights,https://blogs.microsoft.com/blog/2025/04/22/how-real-world-businesses-are-transforming-with-ai/
H&R Block,Generative tax assistant,Customer Support,Generative AI,Provided real-time tax filing answers to users,https://blogs.microsoft.com/blog/2025/04/22/how-real-world-businesses-are-transforming-with-ai/
Heritage Grocers,Personalized offers via Generative AI,Marketing/UX,Generative AI,"Optimized assortment by location, saved $500K",https://blogs.microsoft.com/blog/2025/04/22/how-real-world-businesses-are-transforming-with-ai/
Walmart,AI-powered personalized search,Retail,Generative AI,Improved customer satisfaction and product discovery,https://blogs.microsoft.com/blog/2025/04/22/how-real-world-businesses-are-transforming-with-ai/
City of Rome,Virtual AI tour guide,Public Services,Conversational AI,Provided tailored itineraries to tourists,https://blogs.microsoft.com/blog/2025/04/22/how-real-world-businesses-are-transforming-with-ai/
Ally Financial,AI-generated call summaries,Customer Support,Generative AI,Improved CSR productivity by 14%,https://blogs.microsoft.com/blog/2025/04/22/how-real-world-businesses-are-transforming-with-ai/
Telstra,AskTelstra generative AI assistant,Customer Support,Conversational AI,Streamlined customer interactions and reduced support time,https://www.theaustralian.com.au/business/technology/how-aussie-companies-are-using-microsofts-ai-tools-to-transform-operations/news-story
Bunnings,Ask Lionel in-store assistant,Retail,Conversational AI,Real-time product info for staff and customers,https://www.theaustralian.com.au/business/technology/how-aussie-companies-are-using-microsofts-ai-tools-to-transform-operations/news-story
National Australia Bank,Generative AI for banking tasks,Financial Services,Generative AI,Freed banker time for customers,https://www.theaustralian.com.au/business/technology/how-aussie-companies-are-using-microsofts-ai-tools-to-transform-operations/news-story
Macquarie Group,Macquarie AI Chat internal assistant,Operations,Conversational AI,Used by 6000 staff weekly to boost productivity,https://www.theaustralian.com.au/business/technology/how-aussie-companies-are-using-microsofts-ai-tools-to-transform-operations/news-story
ANZ,GitHub Copilot for code generation,Software Development,Code Generation,Engineers work up to 2× faster,https://www.theaustralian.com.au/business/technology/how-aussie-companies-are-using-microsofts-ai-tools-to-transform-operations/news-story
KPMG Australia,KymChat internal AI agent,Operations,Conversational AI,"Saved 200,000+ staff hours annually",https://www.theaustralian.com.au/business/technology/how-aussie-companies-are-using-microsofts-ai-tools-to-transform-operations/news-story
Tyro Payments,AI agent for healthcare customer support,Customer Support,Conversational AI,45% of queries resolved without human agent,https://www.theaustralian.com.au/business/technology/how-aussie-companies-are-using-microsofts-ai-tools-to-transform-operations/news-story
Coles,Supply chain AI optimization,Supply Chain,Machine Learning,Enhanced decision-making in merchandise planning,https://www.theaustralian.com.au/business/technology/how-aussie-companies-are-using-microsofts-ai-tools-to-transform-operations/news-story
Rio Tinto,AI-driven operations in mining,Operations,Machine Learning,Improved efficiency and sustainability,https://www.theaustralian.com.au/business/technology/how-aussie-companies-are-using-microsofts-ai-tools-to-transform-operations/news-story
BHP,AI in predictive maintenance & resource discovery,Operations,Machine Learning,Reduced downtime and improved energy efficiency,https://www.theaustralian.com.au/business/technology/how-aussie-companies-are-using-microsofts-ai-tools-to-transform-operations/news-story
Westpac,Generative AI for banking productivity,Financial Services,Generative AI,Delivered faster results to customers,https://www.theaustralian.com.au/business/technology/how-aussie-companies-are-using-microsofts-ai-tools-to-transform-operations/news-story
PepsiCo,"AI in forecasting, logistics & R&D",Supply Chain,Machine Learning,Enhanced efficiency across operations,https://www.wsj.com/articles/ai-productivity-businesses-efficiency-7c2cf8b9
TAL,Microsoft Copilot for document summarization,Operations,Generative AI,Saved up to 6 hours per employee per week,https://www.theaustralian.com.au/business/technology/how-aussie-companies-are-using-microsofts-ai-tools-to-transform-operations/news-story
Commonwealth Bank,AI chatbot & fraud detection,Customer Support,Machine Learning,"Handled 50,000 inquiries/day and reduced fraud cases",https://www.theaustralian.com.au/business/technology/how-aussie-companies-are-using-microsofts-ai-tools-to-transform-operations/news-story
Abercrombie & Fitch,Global Data Cloud analytics,Retail,Data Analytics,Improved product assortment using customer insights,https://blogs.microsoft.com/blog/2025/04/22/how-real-world-businesses-are-transforming-with-ai/
H&R Block,Generative tax assistant,Customer Support,Generative AI,Provided real-time tax filing answers to users,https://blogs.microsoft.com/blog/2025/04/22/how-real-world-businesses-are-transforming-with-ai/
Heritage Grocers,Personalized offers via Generative AI,Marketing/UX,Generative AI,"Optimized assortment by location, saved $500K",https://blogs.microsoft.com/blog/2025/04/22/how-real-world-businesses-are-transforming-with-ai/
Walmart,AI-powered personalized search,Retail,Generative AI,Improved customer satisfaction and product discovery,https://blogs.microsoft.com/blog/2025/04/22/how-real-world-businesses-are-transforming-with-ai/
City of Rome,Virtual AI tour guide,Public Services,Conversational AI,Provided tailored itineraries to tourists,https://blogs.microsoft.com/blog/2025/04/22/how-real-world-businesses-are-transforming-with-ai/
Ally Financial,AI-generated call summaries,Customer Support,Generative AI,Improved CSR productivity by 14%,https://blogs.microsoft.com/blog/2025/04/22/how-real-world-businesses-are-transforming-with-ai/
Telstra,AskTelstra generative AI assistant,Customer Support,Conversational AI,Streamlined customer interactions and reduced support time,https://www.theaustralian.com.au/business/technology/how-aussie-companies-are-using-microsofts-ai-tools-to-transform-operations/news-story
Bunnings,Ask Lionel in-store assistant,Retail,Conversational AI,Real-time product info for staff and customers,https://www.theaustralian.com.au/business/technology/how-aussie-companies-are-using-microsofts-ai-tools-to-transform-operations/news-story
National Australia Bank,Generative AI for banking tasks,Financial Services,Generative AI,Freed banker time for customers,https://www.theaustralian.com.au/business/technology/how-aussie-companies-are-using-microsofts-ai-tools-to-transform-operations/news-story
Macquarie Group,Macquarie AI Chat internal assistant,Operations,Conversational AI,Used by 6000 staff weekly to boost productivity,https://www.theaustralian.com.au/business/technology/how-aussie-companies-are-using-microsofts-ai-tools-to-transform-operations/news-story
ANZ,GitHub Copilot for code generation,Software Development,Code Generation,Engineers work up to 2× faster,https://www.theaustralian.com.au/business/technology/how-aussie-companies-are-using-microsofts-ai-tools-to-transform-operations/news-story
KPMG Australia,KymChat internal AI agent,Operations,Conversational AI,"Saved 200,000+ staff hours annually",https://www.theaustralian.com.au/business/technology/how-aussie-companies-are-using-microsofts-ai-tools-to-transform-operations/news-story
Tyro Payments,AI agent for healthcare customer support,Customer Support,Conversational AI,45% of queries resolved without human agent,https://www.theaustralian.com.au/business/technology/how-aussie-companies-are-using-microsofts-ai-tools-to-transform-operations/news-story
Coles,Supply chain AI optimization,Supply Chain,Machine Learning,Enhanced decision-making in merchandise planning,https://www.theaustralian.com.au/business/technology/how-aussie-companies-are-using-microsofts-ai-tools-to-transform-operations/news-story
Rio Tinto,AI-driven operations in mining,Operations,Machine Learning,Improved efficiency and sustainability,https://www.theaustralian.com.au/business/technology/how-aussie-companies-are-using-microsofts-ai-tools-to-transform-operations/news-story
BHP,AI in predictive maintenance & resource discovery,Operations,Machine Learning,Reduced downtime and improved energy efficiency,https://www.theaustralian.com.au/business/technology/how-aussie-companies-are-using-microsofts-ai-tools-to-transform-operations/news-story
Westpac,Generative AI for banking productivity,Financial Services,Generative AI,Delivered faster results to customers,https://www.theaustralian.com.au/business/technology/how-aussie-companies-are-using-microsofts-ai-tools-to-transform-operations/news-story
PepsiCo,"AI in forecasting, logistics & R&D",Supply Chain,Machine Learning,Enhanced efficiency across operations,https://www.wsj.com/articles/ai-productivity-businesses-efficiency-7c2cf8b9
TAL,Microsoft Copilot for document summarization,Operations,Generative AI,Saved up to 6 hours per employee per week,https://www.theaustralian.com.au/business/technology/how-aussie-companies-are-using-microsofts-ai-tools-to-transform-operations/news-story
Commonwealth Bank,AI chatbot & fraud detection,Customer Support,Machine Learning,"Handled 50,000 inquiries/day and reduced fraud cases",https://www.theaustralian.com.au/business/technology/how-aussie-companies-are-using-microsofts-ai-tools-to-transform-operations/news-story
Abercrombie & Fitch,Global Data Cloud analytics,Retail,Data Analytics,Improved product assortment using customer insights,https://blogs.microsoft.com/blog/2025/04/22/how-real-world-businesses-are-transforming-with-ai/
H&R Block,Generative tax assistant,Customer Support,Generative AI,Provided real-time tax filing answers to users,https://blogs.microsoft.com/blog/2025/04/22/how-real-world-businesses-are-transforming-with-ai/
Heritage Grocers,Personalized offers via Generative AI,Marketing/UX,Generative AI,"Optimized assortment by location, saved $500K",https://blogs.microsoft.com/blog/2025/04/22/how-real-world-businesses-are-transforming-with-ai/
Walmart,AI-powered personalized search,Retail,Generative AI,Improved customer satisfaction and product discovery,https://blogs.microsoft.com/blog/2025/04/22/how-real-world-businesses-are-transforming-with-ai/
City of Rome,Virtual AI tour guide,Public Services,Conversational AI,Provided tailored itineraries to tourists,https://blogs.microsoft.com/blog/2025/04/22/how-real-world-businesses-are-transforming-with-ai/
Ally Financial,AI-generated call summaries,Customer Support,Generative AI,Improved CSR productivity by 14%,https://blogs.microsoft.com/blog/2025/04/22/how-real-world-businesses-are-transforming-with-ai/
Telstra,AskTelstra generative AI assistant,Customer Support,Conversational AI,Streamlined customer interactions and reduced support time,https://www.theaustralian.com.au/business/technology/how-aussie-companies-are-using-microsofts-ai-tools-to-transform-operations/news-story
Bunnings,Ask Lionel in-store assistant,Retail,Conversational AI,Real-time product info for staff and customers,https://www.theaustralian.com.au/business/technology/how-aussie-companies-are-using-microsofts-ai-tools-to-transform-operations/news-story
National Australia Bank,Generative AI for banking tasks,Financial Services,Generative AI,Freed banker time for customers,https://www.theaustralian.com.au/business/technology/how-aussie-companies-are-using-microsofts-ai-tools-to-transform-operations/news-story
Macquarie Group,Macquarie AI Chat internal assistant,Operations,Conversational AI,Used by 6000 staff weekly to boost productivity,https://www.theaustralian.com.au/business/technology/how-aussie-companies-are-using-microsofts-ai-tools-to-transform-operations/news-story
ANZ,GitHub Copilot for code generation,Software Development,Code Generation,Engineers work up to 2× faster,https://www.theaustralian.com.au/business/technology/how-aussie-companies-are-using-microsofts-ai-tools-to-transform-operations/news-story
KPMG Australia,KymChat internal AI agent,Operations,Conversational AI,"Saved 200,000+ staff hours annually",https://www.theaustralian.com.au/business/technology/how-aussie-companies-are-using-microsofts-ai-tools-to-transform-operations/news-story
Tyro Payments,AI agent for healthcare customer support,Customer Support,Conversational AI,45% of queries resolved without human agent,https://www.theaustralian.com.au/business/technology/how-aussie-companies-are-using-microsofts-ai-tools-to-transform-operations/news-story
Coles,Supply chain AI optimization,Supply Chain,Machine Learning,Enhanced decision-making in merchandise planning,https://www.theaustralian.com.au/business/technology/how-aussie-companies-are-using-microsofts-ai-tools-to-transform-operations/news-story
Rio Tinto,AI-driven operations in mining,Operations,Machine Learning,Improved efficiency and sustainability,https://www.theaustralian.com.au/business/technology/how-aussie-companies-are-using-microsofts-ai-tools-to-transform-operations/news-story
BHP,AI in predictive maintenance & resource discovery,Operations,Machine Learning,Reduced downtime and improved energy efficiency,https://www.theaustralian.com.au/business/technology/how-aussie-companies-are-using-microsofts-ai-tools-to-transform-operations/news-story
Westpac,Generative AI for banking productivity,Financial Services,Generative AI,Delivered faster results to customers,https://www.theaustralian.com.au/business/technology/how-aussie-companies-are-using-microsofts-ai-tools-to-transform-operations/news-story
PepsiCo,"AI in forecasting, logistics & R&D",Supply Chain,Machine Learning,Enhanced efficiency across operations,https://www.wsj.com/articles/ai-productivity-businesses-efficiency-7c2cf8b9
TAL,Microsoft Copilot for document summarization,Operations,Generative AI,Saved up to 6 hours per employee per week,https://www.theaustralian.com.au/business/technology/how-aussie-companies-are-using-microsofts-ai-tools-to-transform-operations/news-story
Commonwealth Bank,AI chatbot & fraud detection,Customer Support,Machine Learning,"Handled 50,000 inquiries/day and reduced fraud cases",https://www.theaustralian.com.au/business/technology/how-aussie-companies-are-using-microsofts-ai-tools-to-transform-operations/news-story
Abercrombie & Fitch,Global Data Cloud analytics,Retail,Data Analytics,Improved product assortment using customer insights,https://blogs.microsoft.com/blog/2025/04/22/how-real-world-businesses-are-transforming-with-ai/
H&R Block,Generative tax assistant,Customer Support,Generative AI,Provided real-time tax filing answers to users,https://blogs.microsoft.com/blog/2025/04/22/how-real-world-businesses-are-transforming-with-ai/
Heritage Grocers,Personalized offers via Generative AI,Marketing/UX,Generative AI,"Optimized assortment by location, saved $500K",https://blogs.microsoft.com/blog/2025/04/22/how-real-world-businesses-are-transforming-with-ai/
Walmart,AI-powered personalized search,Retail,Generative AI,Improved customer satisfaction and product discovery,https://blogs.microsoft.com/blog/2025/04/22/how-real-world-businesses-are-transforming-with-ai/
City of Rome,Virtual AI tour guide,Public Services,Conversational AI,Provided tailored itineraries to tourists,https://blogs.microsoft.com/blog/2025/04/22/how-real-world-businesses-are-transforming-with-ai/
Ally Financial,AI-generated call summaries,Customer Support,Generative AI,Improved CSR productivity by 14%,https://blogs.microsoft.com/blog/2025/04/22/how-real-world-businesses-are-transforming-with-ai/